label,time,processes,segment_size,batch_size
whole doc,28.75471258163452,1,,1024
default,14.932552337646484,1,64,1024
default,98.01067280769348,2,64,1024
default,99.36286354064941,4,64,1024
segmented,15.113357782363892,1,64,1024
segmented,14.879472255706787,1,128,1024
segmented,15.148576736450195,1,256,1024
segmented,16.057474613189697,1,512,1024
