label,time,processes,segment_size,batch_size
whole doc,28.824692726135254,1,,1024
default,14.969311952590942,1,64,1024
default,100.20661973953247,2,64,1024
default,100.06316447257996,4,64,1024
segmented,15.047585725784302,1,64,1024
segmented,15.129540205001831,1,128,1024
segmented,15.119576930999756,1,256,1024
segmented,16.484084129333496,1,512,1024
